investor_type,total_commitment,funded_commitment,unfunded_commitment,borrowing_base_contribution,investor_count,commitment_pct,effective_advance_rate
Public Pension,315000000,141750000.0,173250000.0,155925000.0,2,0.2625,0.9
Endowment / Foundation,210000000,94500000.0,115500000.0,86625000.0,3,0.175,0.75
Insurance Company,155000000,69750000.0,85250000.0,68200000.0,2,0.12916666666666668,0.8
Fund-of-Funds,155000000,69750000.0,85250000.0,55412500.0,2,0.12916666666666668,0.65
Sovereign Wealth,155000000,69750000.0,85250000.0,76725000.0,1,0.12916666666666668,0.9
Family Office / HNW,150000000,67500000.0,82500000.0,41250000.0,3,0.125,0.5
GP / Affiliate,45000000,20250000.0,24750000.0,0.0,1,0.0375,0.0
Feeder / Other,15000000,6750000.0,8250000.0,0.0,1,0.0125,0.0
